Model,Coarse_Val_MAE,Refined_Val_MAE,Delta_MAE(Refined-Coarse),Coarse_Val_RMSE,Refined_Val_RMSE,Delta_RMSE(Refined-Coarse),Coarse_Val_R2,Refined_Val_R2,Delta_R2(Refined-Coarse)
ExtraTrees,5.448659019567576,5.610933054751215,0.16227403518363914,12.311018231701556,12.053589310079248,-0.25742892162230824,0.8882881079461599,0.8929111539620321,0.0046230460158722675
RandomForest,6.035555172413776,6.230977262840923,0.19542209042714642,13.217661723549963,12.874707374441158,-0.34295434910880473,0.8712282124806064,0.877823918443779,0.0065957059631726045
DecisionTree,7.436653895274583,6.658961090527182,-0.7776928047474012,15.925045231448157,15.037651328372778,-0.8873939030753792,0.8130726679036954,0.8333246099394217,0.020251942035726334
