priority_cluster,total,flagged,invalid_smiles,fraction_flagged
0,1341,1323,0,0.9865771812080537
1,1264,656,0,0.5189873417721519
