accuracy,precision,recall,f1,roc_auc,n_train,n_test
0.9788867562380038,0.9801587301587301,0.9762845849802372,0.9782178217821782,0.9881570408825439,2084,521
