{"hidden_channels":512.0,"num_layers":3.0,"predictor_hidden_feats":1024.0,"dropout":0.08343724,"lr":0.010585393,"weight_decay":0.0000017618}